code,year,month,hitrate,n
IC0000,2024,6,0.5985429579957215,319277
IF0000,2024,6,0.6202311130123493,355324
IH0000,2024,6,0.6263621576388955,319071
IM0000,2024,6,0.5872602688390569,346899
IC0000,2024,7,0.5967868491701064,332633
IF0000,2024,7,0.61591832585731,383671
IH0000,2024,7,0.6276623953141247,335647
IM0000,2024,7,0.5827130232858156,387575
