code,n,slope_tick_per_lot,r2_single
IC0000,8490840,0.0954784260066265,0.014451304648203493
IF0000,8304372,0.05382447209163008,0.030881927953422428
IH0000,7196689,0.047708463332199746,0.03128199948572185
IM0000,8913417,0.08165890240892436,0.01817431104389458
