code,year,month,phase,r2_refit,r2_oos,n
IC0000,2024,6,train,0.015619435975031348,,462637
IF0000,2024,6,train,0.0232348982058993,,432089
IH0000,2024,6,train,0.027932332302926688,,376687
IM0000,2024,6,train,0.01533942986657788,,492258
IC0000,2024,7,test,0.010517468708870381,0.009699982140727315,517546
IF0000,2024,7,test,0.017524365671373165,0.016689432245428626,480901
IH0000,2024,7,test,0.026312296997417106,0.025517091355525934,402607
IM0000,2024,7,test,0.012828235201047034,0.011762903237024447,574021
