target,W,model,r2_is,r2_oos,cross_beta,cross_t,n_is,n_oos
IC,1,own,0.024057717218506247,,,,604785,0
IC,1,pair,0.05559539996138796,,0.07353446817555348,142.11347908353838,604785,0
IC,2,own,0.006813763916249327,,,,302385,0
IC,2,pair,0.020519975369588384,,0.04786858243091271,65.04874015261494,302385,0
IM,1,own,0.018141992614114755,,,,604785,0
IM,1,pair,0.036514935187793696,,0.08630650538958627,107.39060616720487,604785,0
IM,2,own,0.008350577376383672,,,,302385,0
IM,2,pair,0.011836228129596171,,0.037280977779742715,32.65919223263633,302385,0
