target,W,model,r2_is,r2_oos,cross_beta,cross_t,n_is,n_oos
IC,1,own,0.01844226254970338,0.015361108829997416,,,8118896,4617832
IC,1,pair,0.0443286736587859,0.04705887940964659,0.08695413887822434,468.95379317866076,8118896,4617832
IC,2,own,0.00812997143311811,0.005980421262501756,,,4059331,2308912
IC,2,pair,0.02113112342516088,0.010906485327927706,0.05942620391728456,232.1965324602369,4059331,2308912
IM,1,own,0.019217253869897366,0.017519504990159196,,,8118526,4617834
IM,1,pair,0.04022386974287495,0.037324512647729735,0.10532580171950322,421.53300773868926,8118526,4617834
IM,2,own,0.00983033699435154,0.0005299600069149646,,,4059148,2308912
IM,2,pair,0.015742781574713982,0.005954851158734842,0.055104817633368074,156.1516292425826,4059148,2308912
