regime,n_fills,markout_tk,std_tk,risk_adj
low,313991,1.9143797115204235,3.155034785541666,0.6067697637735417
mid,628231,2.3858739858428017,4.6759905471715335,0.5102392662632725
high,1546986,3.3609728853396423,8.757034760840638,0.3838026200796996
ALL(不过滤),2489208,2.932400988587555,7.3994991906801,0.39629722404470363
PULL_HIGH(撤高波动),942222,2.228750761497841,4.236167776202251,0.5261242895095928
