regime,n_fills,markout_tk,std_tk,risk_adj
low,35646,2.334357291140672,3.2540817773528827,0.7173628233275733
mid,31513,2.697680322406632,4.1794896578113185,0.6454568723156816
high,40184,3.036283097750342,5.798715548449755,0.5236130436786248
ALL(不过滤),107343,2.7037859944290763,4.617234893953008,0.5855855412446326
PULL_HIGH(撤高波动),67159,2.5048392620497713,3.7215313605547764,0.6730668156122618
